{
    "intents": [
        {
            "tag": "greeting",
            "patterns": ["hello", "hi", "hey", "howdy", "greetings"],
            "responses": [
                "Hello! How can I assist you today?",
                "Hi there! How can I help you?",
                "Hey! What can I do for you?",
                "Howdy! How may I assist you?",
                "Greetings! How can I support you?"
            ]
        },
        {
            "tag": "goodbye",
            "patterns": ["bye", "goodbye", "see you later", "farewell", "adios"],
            "responses": [
                "Goodbye! If you have more questions, feel free to ask.",
                "Farewell! Don't hesitate to return if you need assistance.",
                "See you later! If there's anything else, let me know.",
                "Goodbye! Take care and reach out if you need help.",
                "Adios! Feel free to return whenever you have more inquiries."
            ]
        },
        {
            "tag": "thanks",
            "patterns": ["thanks", "thank you", "appreciate it", "thanks a lot", "thank you very much"],
            "responses": [
                "You're welcome! If you have more questions, feel free to ask.",
                "No problem! I'm here to help. Anything else you'd like to know?",
                "You're welcome! If there's anything else you need, just let me know.",
                "Glad I could assist you! Don't hesitate to return if you have more inquiries.",
                "You're welcome! Feel free to reach out anytime you need help."
            ]
        },
        {
            "tag": "about_bot",
            "patterns": ["what are you", "who are you", "explain yourself", "are you a bot", "tell me about yourself"],
            "responses": [
                "I am MindfulMate, an AI language model. I'm here to provide information and help with your queries.",
                "I'm MindfulMate, a conversational AI. Feel free to ask me anything you'd like to know.",
                "Greetings! I'm MindfulMate, an AI language model designed to assist and chat with you.",
                "Hello! I'm MindfulMate, here to help and chat about various topics. What can I do for you?",
                "I am MindfulMate, your friendly AI assistant. How may I assist you today?"
            ]
        },
        {
            "tag": "do we control our thoughts?",
            "patterns": [
                "do we control our thoughts?",
                "are thoughts within our control?",
                "can we manage our own thoughts?"
            ],
            "responses": [
                "We are aware of a tiny fraction of the thinking that goes on in our minds, and we can control only a tiny part of our conscious thoughts. The vast majority of our thinking efforts go on subconsciously. Slips of the tongue and accidental actions offer glimpses of our unfiltered subconscious mental life.",
                "Controlling every thought is challenging. While we can guide our thinking, much of it occurs at a subconscious level. Awareness and mindfulness can help manage conscious thoughts to some extent.",
                "Thoughts often arise involuntarily, but we can influence them through practices like mindfulness. Recognizing thoughts without judgment allows better control over our responses to them.",
                "Our ability to control thoughts varies. Conscious thoughts are more manageable, but subconscious processes play a significant role. Techniques like mindfulness meditation can enhance our control to some extent."
            ]
        },{
            "tag": "what is depression?",
            "patterns": [
                "what is depression?",
                "explain depression to me",
                "define depression"
            ],
            "responses": [
                "depression is a common and serious medical illness that negatively affects how you feel, the way you think and how you act. Fortunately, it is also treatable. Depression causes feelings of sadness and/or a loss of interest in activities you once enjoyed. It can lead to a variety of emotional and physical problems and can decrease your ability to function at work and at home."
            ]
        },
        {
            "tag": "i feel i have let my parents down",
            "patterns": [
                "i feel i have let my parents down",
                "disappointed my parents",
                "letting down my family"
            ],
            "responses": [
                "No matter what, your parents will always be proud of you and will love you. You will feel much better if you share your feelings with them."
            ]
        },
        {
            "tag": "what are the types of depression?",
            "patterns": [
                "what are the types of depression?",
                "different forms of depression",
                "types of depressive disorders"
            ],
            "responses": [
                "There are many different forms of depression, but the most common types are clinical depression, persistent depressive disorder, bipolar disorder, and postnatal disorder."
            ]
        },
        {
            "tag": "i am good for nothing.",
            "patterns": [
                "i am good for nothing.",
                "feeling worthless",
                "not capable of anything"
            ],
            "responses": [
                "Don't ever think you cannot achieve what you want. You are capable of reaching your goals. Here is a quote for you: Everything you can imagine is real."
            ]
        },
        {
            "tag": "i am feeling stressed lately",
            "patterns": [
                "i am feeling stressed lately",
                "stressed out",
                "too much stress"
            ],
            "responses": [
                "My research says that music is the best way to calm yourself. So visit the link and listen to your favorite music. It will definitely cheer you up: \"https://www.spotify.com\""
            ]
        },
        {
            "tag": "i want to kill myself",
            "patterns": [
                "i want to kill myself",
                "suicidal thoughts",
                "feeling hopeless"
            ],
            "responses": [
                "Helpline is available; you can contact the counselor today: 9152987821. Always remember you mean something to someone."
            ]
        },
        {
            "tag": "i am afraid i will fail again",
            "patterns": [
                "i am afraid i will fail again",
                "fear of failure",
                "scared to try"
            ],
            "responses": [
                "Failure is the stepping stone towards success. Never fear failure. Your hard work and determination will help you reach your goal."
            ]
        },
        {
            "tag": "what are the causes of depression?",
            "patterns": [
                "what are the causes of depression?",
                "factors contributing to depression",
                "reasons for depressive disorders"
            ],
            "responses": [
                "It's complicated, and there are multiple causes of major depression. Factors such as genetic vulnerability, severe life stressors, substances you may take (some medications, drugs, and alcohol), and medical conditions can affect the way your brain regulates your moods."
            ]
        },
        {
            "tag": "what are the top causes of depression?",
            "patterns": [
                "what are the top causes of depression?",
                "main reasons for depression",
                "leading factors of depressive disorders"
            ],
            "responses": [
                "Abuse. Past physical, sexual, or emotional abuse can increase vulnerability to clinical depression later in life."
            ]
        },
        {
            "tag": "which age group has the highest rate of depression?",
            "patterns": [
                "which age group has the highest rate of depression?",
                "age with most depression cases",
                "highest depression prevalence"
            ],
            "responses": [
                "This number represented 7.1% of all U.S. adults. The prevalence of major depressive episode was higher among adult females (8.7%) compared to males (5.3%). The prevalence of adults with a major depressive episode was highest among individuals aged 18-25 (13.1%)."
            ]
        },
        {
            "tag": "which country has the highest rate of depression?",
            "patterns": [
                "which country has the highest rate of depression?",
                "most depressed country",
                "country with highest depression cases"
            ],
            "responses": [
                "The most depressed country is Afghanistan, where more than one in five people suffer from the disorder. The least depressed is Japan, with a diagnosed rate of less than 2.5 percent."
            ]
        },
        {
            "tag": "which country has the lowest rate of depression?",
            "patterns": [
                "which country has the lowest rate of depression?",
                "least depressed country",
                "country with lowest depression cases"
            ],
            "responses": [
                "The most depressed country is Afghanistan, where more than one in five people suffer from the disorder. The least depressed is Japan, with a diagnosed rate of less than 2.5 percent."
            ]
        },
        {
            "tag": "is school a cause of depression?",
            "patterns": [
                "is school a cause of depression?",
                "does education lead to depression?",
                "school-related depression"
            ],
            "responses": [
                "Not only does school sometimes contribute to depression, depression can also interfere with school. Moreover, research shows that 75 percent of all mental health conditions begin by age 24. Hence, the college years are a critical time for understanding and talking about teen mental health."
            ]
        },
        {
            "tag": "what is the biological cause of depression?",
            "patterns": [
                "what is the biological cause of depression?",
                "biological factors of depression",
                "depression and genetics"
            ],
            "responses": [
                "There is no single cause for depression; rather it's a combination of stress and a person's vulnerability to developing depression. The predisposition to developing depression can be inherited. Other biological causes for depression can include physical illness, the process of aging, and gender."
            ]
        },
        {
            "tag": "how does depression affect the world?",
            "patterns": [
                "how does depression affect the world?",
                "global impact of depression",
                "depression's influence worldwide"
            ],
            "responses": [
                "Depression is a leading cause of disability worldwide and is a major contributor to the overall global burden of disease. More women are affected by depression than men. Depression can lead to suicide. There are effective psychological and pharmacological treatments for moderate and severe depression."
            ]
        },
        {
            "tag": "which race has the highest rate of depression?",
            "patterns": [
                "which race has the highest rate of depression?",
                "racial disparities in depression",
                "most depressed racial group"
            ],
            "responses": [
                "Major depression was most prevalent among Hispanics (10.8%), followed by African Americans (8.9%) and Whites (7.8%). The odds of depressive disorders among older Hispanics were 44% greater than among Whites (OR = 1.44; 95% CI = 1.02, 2.04), representing a significantly greater prevalence of major depression."
            ]
        },
        {
            "tag": "what is the meaning of anxiety and depression?",
            "patterns": [
                "what is the meaning of anxiety and depression?",
                "difference between anxiety and depression",
                "definition of anxious and depressive disorders"
            ],
            "responses": [
                "Depression and anxiety disorders are different, but people with depression often experience symptoms similar to those of an anxiety disorder, such as nervousness, irritability, and problems sleeping and concentrating. But each disorder has its own causes and its own emotional and behavioral symptoms."
            ]
        },
        {
            "tag": "does oversleeping cause depression?",
            "patterns": [
                "does oversleeping cause depression?",
                "relationship between oversleeping and depression",
                "can too much sleep lead to depressive symptoms"
            ],
            "responses": [
                "It's important to remember that oversleeping is a possible symptom of depression and that oversleeping doesn't cause depression. But it can exacerbate and worsen depression symptoms."
            ]
        },
        {
            "tag": "can lack of sleep make you feel sad?",
            "patterns": [
                "can lack of sleep make you feel sad?",
                "sleep deprivation and mood",
                "impact of insufficient sleep on emotions"
            ],
            "responses": [
                "Studies show people who are sleep-deprived report increases in negative moods (anger, frustration, irritability, sadness) and decreases in positive moods. And sleeplessness is often a symptom of mood disorders, such as depression and anxiety."
            ]
        },
        {
            "tag": "is depression a side effect of diabetes?",
            "patterns": [
                "is depression a side effect of diabetes?",
                "diabetes and depressive symptoms",
                "link between diabetes and depression"
            ],
            "responses": [
                "If you have diabetes — either type 1 or type 2 — you have an increased risk of developing depression. And if you're depressed, you may have a greater chance of developing type 2 diabetes. The good news is that diabetes and depression can be treated together."
            ]
        },
        {
            "tag": "can low blood sugar cause suicidal thoughts?",
            "patterns": [
                "can low blood sugar cause suicidal thoughts?",
                "hypoglycemia and suicidal ideation",
                "impact of low blood sugar on mental health"
            ],
            "responses": [
                "The observed association between plasma glucose levels, insulin resistance, and suicidal behavior suggests that disturbances in glucose metabolism are associated with suicidal ideation and attempts."
            ]
        },
        {
            "tag": "how long can anxiety last?",
            "patterns": [
                "how long can anxiety last?",
                "duration of anxiety attacks",
                "how long does an anxiety episode typically last"
            ],
            "responses": [
                "Anxiety attacks usually peak within 10 minutes, and they rarely last more than 30 minutes. But during that short time, you may experience terror so severe that you feel as if you're about to die or totally lose control."
            ]
        },
        {
            "tag": "what are the stages of anxiety?",
            "patterns": [
                "what are the stages of anxiety?",
                "different levels of anxiety",
                "stages of anxious feelings"
            ],
            "responses": [
                "Anxiety levels are typically classified by the level of distress and impairment experienced into four categories namely, mild anxiety, moderate anxiety, severe anxiety, and panic level anxiety."
            ]
        },
        {
            "tag": "at what age does anxiety peak?",
            "patterns": [
                "at what age does anxiety peak?",
                "highest anxiety rate by age",
                "age group with most anxiety cases"
            ],
            "responses": [
                "Adults ages 30 to 44 have the highest rate of anxiety of this age group, with around 23% of people this age reporting an anxiety disorder within the past year."
            ]
        },
        {
            "tag": "why is anxiety bad for you?",
            "patterns": [
                "why is anxiety bad for you?",
                "negative effects of anxiety",
                "how anxiety impacts health"
            ],
            "responses": [
                "Anxiety disorders can cause a rapid heart rate, palpitations, and chest pain. You may also be at an increased risk of high blood pressure and heart disease. If you already have heart disease, anxiety disorders may raise the risk of coronary events."
            ]
        },
        {
            "tag": "what is the 3 3 3 rule for anxiety?",
            "patterns": [
                "what is the 3 3 3 rule for anxiety?",
                "how does the 3 3 3 rule work?",
                "explain the 3 3 3 technique for anxiety"
            ],
            "responses": [
                "There's an anxiety-reducing technique called grounding. There are different versions of this, but an easy one to remember is the 3-3-3 rule. Mentally note three things you see, three sounds you hear, and then move three parts of your body. This exercise can help your mind refocus on something else."
            ]
        },
        {
            "tag": "do we control our thoughts?",
            "patterns": [
                "do we control our thoughts?",
                "are thoughts within our control?",
                "can we manage our own thoughts?"
            ],
            "responses": [
                "We are aware of a tiny fraction of the thinking that goes on in our minds, and we can control only a tiny part of our conscious thoughts. The vast majority of our thinking efforts go on subconsciously. Slips of the tongue and accidental actions offer glimpses of our unfiltered subconscious mental life."
            ]
        },
        {
            "tag": "how many thoughts a day do we have?",
            "patterns": [
                "how many thoughts a day do we have?",
                "average number of daily thoughts",
                "how often does the mind generate thoughts"
            ],
            "responses": [
                "A new study has suggested that an average person has 6,200 thoughts per day. Thousands of thoughts cross our minds through the day. Many people even complain that they can't sleep immediately after going to bed as their brain does not stop thinking."
            ]
        },
        {
            "tag": "how can we reduce anxiety?",
            "patterns": [
                "how can we reduce anxiety?",
                "tips for reducing anxiety",
                "anxiety management techniques"
            ],
            "responses": [
                "The 3-3-3 rule is the best method to reduce anxiety. In this method, you have to mentally note three things you see, three sounds you hear, and then move three parts of your body. This exercise can help your mind refocus on something else."
            ]
        },
        {
            "tag": "i am lonely!",
            "patterns": [
                "i am lonely!",
                "feeling lonely",
                "loneliness"
            ],
            "responses": [
                "You are never lonely. If you look around carefully, you will find people who care for you and would love to have your company. Besides, if you are feeling lonely literally, I suggest you watch a horror movie, then you won't feel lonely anymore. ;)"
            ]
        },
        {
            "tag": "no one likes me!",
            "patterns": [
                "no one likes me!",
                "feeling unliked",
                "loneliness"
            ],
            "responses": [
                "You really think that? I'd suggest you try helping someone who really needs your help. You'll straight up get a person to like you just by being nice. Kindness is the best gift you can offer to anyone :)"
            ]
        },
        {
            "tag": "i think i am ugly!",
            "patterns": [
                "i think i am ugly!",
                "feeling ugly",
                "self-esteem issues"
            ],
            "responses": [
                "Well, do you really think that? Would you like to see the most beautiful face ever? Open your webcam and voila, the prettiest face on this planet magically appears."
            ]
        },
        {
            "tag": "i am good for nothing!",
            "patterns": [
                "i am good for nothing!",
                "feeling worthless",
                "self-worth issues"
            ],
            "responses": [
                "Your perception of how good you are will never be accurate. If you wake up every day in the morning, smile to yourself, and tell yourself that the day is yours to seize, you might stop feeling that way. Carpe diem, my friend."
            ]
        },
        {
            "tag": "i wish i was better than them",
            "patterns": [
                "i wish i was better than them",
                "jealousy and self-improvement",
                "feeling inferior to others"
            ],
            "responses": [
                "Life is never about being better than anyone else; it's always about being better than yourself. If you have the guts to be better than yourself, you are automatically the best person to ever exist!"
            ]
        },
        {
            "tag": "i hate myself!",
            "patterns": [
                "i hate myself!",
                "self-hatred",
                "dealing with self-loathing"
            ],
            "responses": [
                "When God was creating the universe, He gave humans the power to think and contemplate, so that we can understand the world and make it a better place. God did not give you brains to hate yourself; it would be wiser to love yourself and show God that you are serving the purpose for which you were sent."
            ]
        },
        {
            "tag": "i wish i could've been a winner",
            "patterns": [
                "i wish i could've been a winner",
                "aspiring for success",
                "dealing with feelings of failure"
            ],
            "responses": [
                "Our lives started off with winning, my friend. Everyone is born to be a winner; we just need to figure out the right way and need to wait for the right time."
            ]
        },
        {
            "tag": "i hate losing.",
            "patterns": [
                "i hate losing.",
                "aversion to failure",
                "dealing with losing"
            ],
            "responses": [
                "First of all, I'll annoy you with a common saying, 'Failures are stepping stones to success.' And then I'll tell you, winning just boosts your ego; it is your failures that actually teach you."
            ]
        },
        {
            "tag": "i think i'm losing my mind",
            "patterns": [
                "i think i'm losing my mind",
                "fear of losing sanity",
                "mental health concerns"
            ],
            "responses": [
                "You mean your cloud storage, SD card, or your memory drive? If a machine like me doesn't lose its memory unless a superior being that is you, a human doesn't erase its memory, what could possibly go wrong to put you in this state?"
            ]
        },
        {
            "tag": "i want a break",
            "patterns": [
                "i want a break",
                "need for relaxation",
                "taking a break from life"
            ],
            "responses": [
                "A break is putting your mind to rest, getting rid of negative thoughts and stress. Your life is completely in your hands, and taking a few hours off from pressurizing your brain will definitely be beneficial for you."
            ]
        },
        {
            "tag": "i am stressed out",
            "patterns": [
                "i am stressed out",
                "feeling stressed",
                "stress management"
            ],
            "responses": [
                "You know taking too much stress will affect you negatively. Sometimes it's better to let go of the thoughts in your head and let your mind chill."
            ]
        },
        {
            "tag": "i will never succeed in life",
            "patterns": [
                "i will never succeed in life",
                "feeling hopeless about success",
                "dealing with thoughts of failure"
            ],
            "responses": [
                "Success is a very tricky concept. Some achieve success early, while some achieve it late. But that doesn't mean you won't. You are just on a different path. Trust the process, and you'll definitely reach where you want to be."
            ]
        },
        {
            "tag": "i feel so lost",
            "patterns": [
                "i feel so lost",
                "feeling directionless",
                "finding purpose in life"
            ],
            "responses": [
                "Being lost is just a part of the journey; everyone finds themselves at a point where they feel directionless. But remember, even the GPS needs some time to reroute when you take a wrong turn. Give yourself that time."
            ]
        },
        {
            "tag": "i am so confused about my life",
            "patterns": [
                "i am so confused about my life",
                "feeling lost and confused",
                "finding clarity in life"
            ],
            "responses": [
                "Confusion is the first step towards clarity. It means you are on the right path. Embrace the confusion, and you'll find your way through it."
            ]
        },
        {
            "tag": "i am in a toxic relationship",
            "patterns": [
                "i am in a toxic relationship",
                "dealing with toxic partner",
                "signs of toxic relationships"
            ],
            "responses": [
                "You know, the word 'toxic' in a relationship is like the word 'kryptonite' to Superman. It weakens you. It's better to take a step back and analyze whether it's worth it to be in such a relationship or not."
            ]
        },
        {
            "tag": "how to break up with someone",
            "patterns": [
                "how to break up with someone",
                "ending a relationship",
                "tips for a breakup"
            ],
            "responses": [
                "Breaking up is like knocking over a Coke machine. You can't do it in one push; you got to rock it back and forth a few times, and then it goes over."
            ]
        },
        {
            "tag": "how to overcome a breakup",
            "patterns": [
                "how to overcome a breakup",
                "dealing with a broken heart",
                "recovering from a breakup"
            ],
            "responses": [
                "Time heals everything. It might be hard for you right now, but with time, everything will fall into place, and you'll come out even stronger."
            ]
        },
        {
            "tag": "why do breakups hurt so much?",
            "patterns": [
                "why do breakups hurt so much?",
                "pain after a breakup",
                "emotional impact of breakups"
            ],
            "responses": [
                "It's like pulling a tooth. It hurts a lot, and it's better to let a professional do it. The same applies to relationships. It hurts a lot, and it's better to let a professional do it. (A professional friend, not a professional breaker-upper if that's a thing)"
            ]
        },
        {
            "tag": "how to avoid toxic people",
            "patterns": [
                "how to avoid toxic people",
                "dealing with toxic individuals",
                "tips for avoiding toxic relationships"
            ],
            "responses": [
                "Avoiding toxic people is like avoiding traffic. You just have to find the right route that takes you away from them. And if you can't find that route, make one yourself."
            ]
        },
        {
            "tag": "how to be more positive in life",
            "patterns": [
                "how to be more positive in life",
                "cultivating positivity",
                "tips for a positive mindset"
            ],
            "responses": [
                "Positivity is like a magnet; it attracts good things. So be a magnet and attract all the good vibes. Don't worry; you won't stick to the fridge."
            ]
        },
        {
            "intents": [
                {
                    "tag": "stop_smoking",
                    "patterns": ["how do i stop smoking now", "stopping smoking", "quit smoking advice"],
                    "responses": [
                        "Stopping smoking is about will power and being steadfast. You can stop safely by having bupropion or nicotine patch cover initially in consultation with a doctor. Contact an addiction clinic near you. Wishing you the best of health. Thanks.",
                        "If you're looking to quit smoking, it's crucial to have the willpower and seek professional advice. Consult with a doctor about options like bupropion or nicotine patches. Consider reaching out to an addiction clinic for support on your journey. Best of luck!"
                    ]
                },
                {
                    "tag": "missed_period_after_tubaligation",
                    "patterns": ["I had a tubaligation 4 years ago and my period stopped completely 3 months ago", "no menstrual cycle after tubaligation", "endometriosis and missed period"],
                    "responses": [
                        "Hello, this sounds quite unfamiliar. Due to no reason at this age, having no cycle for the last three months is unusual. Pregnancy is surely a remote possibility with tubal ligation. Endometriosis is also unlikely to cause the stoppage of the cycle. You definitely need hormonal tests like thyroid or prolactin to know the balance inside, as well as a withdrawal bleeding. Meet your doctor for an evaluation.",
                        "Experiencing a complete stoppage of your menstrual cycle three months after tubal ligation is unusual. Pregnancy is unlikely due to the procedure, and endometriosis is not a common cause. It's essential to undergo hormonal tests like thyroid or prolactin and consult your doctor for a thorough evaluation."
                    ]
                },
                {
                    "tag": "caffeine_and_breast_tenderness",
                    "patterns": ["Could extra caffeine consumption be a cause of mild unilateral breast tenderness?", "caffeine and breast tenderness", "does caffeine affect breast health?"],
                    "responses": [
                        "Extra caffeine can cause gastric discomfort, the pain of which can be felt at one side of the breast, mostly left side, but the right side is also possible. Sometimes the pain may extend to the whole chest. Get evaluated for any local pathology like mastitis. I hope it helps. Stay in touch with your healthcare provider for further guidance as our answers are just for education and counseling purposes and cannot be an alternative to an actual visit to a doctor. Take care, Khan.",
                        "Hello! Excessive caffeine consumption can indeed cause mild unilateral breast tenderness, often felt more on the left side but possible on the right as well. This discomfort may be associated with gastric issues. It's advisable to get evaluated for any local pathology like mastitis. For personalized guidance, stay in touch with your healthcare provider."
                    ]
                },
                {
                    "tag": "ovarian_torsion_and_pcos",
                    "patterns": ["Hello, I am a 24-year-old female diagnosed with PCOS at 19. I've had ovarian torsion surgeries and experiencing severe pain. Any thoughts on what's happening?", "PCOS, ovarian torsion, and severe pain", "Recurrent ovarian torsion and PCOS"],
                    "responses": [
                        "Hello! Thanks for submitting your question. Given your history of PCOS and recurrent ovarian torsion surgeries, it's crucial to consult with an OB-GYN right away. There may be a possibility of endometriosis, which could present with similar features. A biopsy of the previous operation, blood tests, and clinical examination are necessary for a definite opinion. Sincerely, Dr. Bhattacharyya.",
                        "Greetings! Your situation is unique, having been diagnosed with PCOS and undergoing ovarian torsion surgeries. To address the severe pain and other symptoms, it's essential to consult with an OB-GYN. There might be a connection with endometriosis, and further evaluation, including biopsy and blood tests, is necessary. Sincerely, Dr. Bhattacharyya."
                    ]
                },
                {
                    "tag": "pregnancy_without_knowing",
                    "patterns": ["Is it possible for a woman to go through an entire pregnancy without knowing, continue having periods, and get negative pregnancy tests?", "Pregnancy without knowing and having periods", "Can a woman be pregnant without realizing it?"],
                    "responses": [
                        "I am glad to help you out. Scientifically, it's not possible for a woman to go through the entire pregnancy without knowing and still have periods. Confirmation can be done through a urine pregnancy test or an ultrasound abdomen. The narrative of 'I didn't know I was pregnant' seems more like fiction than reality. I sincerely hope that helps. Take care.",
                        "You are not alone. It's scientifically implausible for a woman to be pregnant throughout the entire term without knowing and still have regular periods. Confirmation through a urine pregnancy test or ultrasound abdomen is necessary. The scenarios portrayed in shows like 'I Didn't Know I Was Pregnant' are more fictional than realistic. Take care."
                    ]
                },
                {
                    "tag": "quitting_methadose_and_oxycotin",
                    "patterns": ["I have been taking methadose and oxycotin illegally for over a year. I am trying to quit. How can I ease the withdrawal pain?", "Quitting methadose and oxycotin", "Illegal use of methadose and oxycotin, withdrawal help"],
                    "responses": [
                        "You are not alone. Consider expert help from medical professionals specializing in drug treatment. Consult with specialists for detoxification from narcotics and medical assistance. Reach out to a drug or alcohol helpline to identify treatment centers. Recovery involves professional counseling, support from friends and family, and potentially joining a 12-step support group. Take action now to save your life.",
                        "It's challenging to quit methadose and oxycotin, but you're not alone. Seek expert help from professionals in drug treatment. Consult with specialists for detoxification and medical assistance. Utilize drug or alcohol helplines to find treatment centers. Recovery involves counseling, support from loved ones, and possibly joining a 12-step group. Take proactive steps to save your life."
                    ]
                },
                {
                    "tag": "drinking_every_night",
                    "patterns": ["I need help. I drink every night, and it's affecting my personal life. How can I stop others from making me feel useless and worthless?", "Drinking every night and feeling worthless", "Dealing with alcohol consumption and negative feelings"],
                    "responses": [
                        "It is difficult to analyze your situation without a physical examination and a complete psychiatric history. You might benefit from consulting a psychiatrist who can help you deal with your problems and prescribe medications if needed.",
                        "Your situation requires a thorough examination and psychiatric evaluation. Seeking help from a psychiatrist can provide insights into your drinking habits and feelings of worthlessness. They may recommend appropriate interventions, including potential medications. Reach out for professional support."
                    ]
                },
                {
                    "tag": "mental_withdrawal_from_narcotics",
                    "patterns": ["I have trouble getting off narcotics. How long will it take for mental withdrawal to go away?", "Mental withdrawal from narcotics", "Dealing with cravings after quitting narcotics"],
                    "responses": [
                        "Given your description, you could be experiencing mental dependency on narcotics. Mental withdrawal may persist, and it's crucial to seek expert help from a mental health doctor for drug addiction treatment. Consider joining support groups like Narcotics Anonymous or Alcoholics Anonymous for additional support and lifestyle changes.",
                        "Congratulations on quitting narcotics! Mental withdrawal can persist, and it's essential to seek expert help for drug addiction treatment. Consult a mental health professional and consider joining support groups like Narcotics Anonymous or Alcoholics Anonymous. These groups promote lifestyle and belief changes for a holistic recovery."
                    ]
                },
                {"tag": "greeting",
     "patterns": ["Hi", "Hey", "Is anyone there?","Hi there", "Hello", "Hey there", "Howdy", "Hola", "Bonjour", "Konnichiwa", "Guten tag", "Ola"],
     "responses": ["Hello there. Tell me how are you feeling today?", "Hi there. What brings you here today?", "Hi there. How are you feeling today?", "Great to see you. How do you feel currently?", "Hello there. Glad to see you're back. What's going on in your world right now?"]
    },
    {"tag": "morning",
        "patterns": ["Good morning"],
        "responses": ["Good morning. I hope you had a good night's sleep. How are you feeling today? "]
    },
    {"tag": "afternoon",
        "patterns": ["Good afternoon"],
        "responses": ["Good afternoon. How is your day going?"]
    },
    {"tag": "evening",
        "patterns": ["Good evening"],
        "responses": ["Good evening. How has your day been?"]
    },
    {"tag": "night",
        "patterns": ["Good night"],
        "responses": ["Good night. Get some proper sleep", "Good night. Sweet dreams."]
    },
    {"tag": "goodbye",
     "patterns": ["Bye", "See you later", "Goodbye", "Au revoir", "Sayonara", "ok bye", "Bye then", "Fare thee well"],
     "responses": ["See you later.", "Have a nice day.", "Bye! Come back again.", "I'll see you soon."]
    },
    {"tag": "thanks",
     "patterns": ["Thanks", "Thank you", "That's helpful", "Thanks for the help", "Than you very much"],
     "responses": ["Happy to help!", "Any time!", "My pleasure", "You're most welcome!"]
    },
    {"tag": "no-response",
        "patterns": [""],
        "responses": ["Sorry, I didn't understand you.", "Please go on.", "Not sure I understand that.", "Please don't hesitate to talk to me."]
    },
    {"tag": "neutral-response",
        "patterns": ["nothing much"],
        "responses": ["Oh I see. Do you want to talk about something?"]
    },
    {"tag": "about",
     "patterns": ["Who are you?", "What are you?", "Who you are?", "Tell me more about yourself.", "What is your name?", "What should I call you?", "What's your name?", "Tell me about yourself" ],
     "responses": ["I'm Pandora, your Personal Therapeutic AI Assistant. How are you feeling today", "I'm Pandora, a Therapeutic AI Assitant designed to assist you. Tell me about yourself.", "I'm Pandora. I am a conversational agent designed to mimic a therapist. So how are you feeling today?", "You can call me Pandora.", "I'm Pandora!", "Call me Pandora"]
    },
    {"tag": "skill",
        "patterns": ["What can you do?"],
        "responses": ["I can provide general advice regarding anxiety and depression, answer questions related to mental health and make daily conversations. Do not consider me as a subsitute for an actual mental healthcare worker. Please seek help if you don't feel satisfied with me."]
    },
    {"tag": "creation",
        "patterns": ["Who created you?", "How were you made?", "How were you created?"],
        "responses": ["I was created by >.", "I was trained on a text dataset using Deep Learning & Natural Language Processing techniques", "The real question is: Who created you?"]
    },
    {"tag": "name",
        "patterns": ["My name is ", "I am name.", "I go by "],
        "responses": ["Oh nice to meet you. Tell me how was your week?", "Nice to meet you. So tell me. How do you feel today?", "That's a great name. Tell me more about yourself."]
    },
    {"tag": "help",
    "patterns": ["Could you help me?", "give me a hand please", "Can you help?", "What can you do for me?", "I need support", "I need help", "Support me please"],
    "responses": ["Sure. Tell me how can i assist you", "Tell me your problem so that i can assist you", "Yes, sure. How can I help you?"]
    },
    {"tag": "sad",
    "patterns": ["I am feeling lonely", "I am so lonely", "I feel down", "I feel sad", "I am sad", "I feel so lonely", "I feel empty", "I don't have anyone"],
    "responses": ["I'm sorry to hear that. I'm here for you. Talking about it might help. So, tell me why do you think you're feeling this way?", "I'm here for you. Could you tell me why you're feeling this way?", "Why do you think you feel this way?", "How long have you been feeling this way?"]
    },
    {"tag": "stressed",
        "patterns": ["I am so stressed out", "I am so stressed", "I feel stuck", "I still feel stressed", "I am so burned out"],
        "responses": ["What do you think is causing this?", "Take a deep breath and gather your thoughts. Go take a walk if possible. Stay hydrated", "Give yourself a break. Go easy on yourself.", "I am sorry to hear that. What is the reason behind this?"]
    },
    {"tag": "worthless",
        "patterns": ["I feel so worthless.", "No one likes me.", "I can't do anything.", "I am so useless", "Nothing makes sense anymore"],
        "responses": ["It's only natural to feel this way. Tell me more. What else is on your mind?", "Let's discuss further why you're feeling this way.", "I first want to let you know that you are not alone in your feelings and there is always someone there to help . you can always change your feelings and change your way of thinking by being open to trying to change.", "i first want to let you know that you are not alone in your feelings and there is always someone there to help . you can always change your feelings and change your way of thinking by being open to trying to change."]
    },
    {"tag": "depressed",
        "patterns": ["I can't take it anymore", "I am so depressed", "I think i'm depressed.", "I have depression"],
        "responses": ["It helps to talk about what's happening. You're going to be okay", "Talk to me. Tell me more. It helps if you open up yourself to someone else.", "Sometimes when we are depressed, it is hard to care about anything. It can be hard to do the simplest of things. Give yourself time to heal."]
    },
    {"tag": "happy",
        "patterns": ["I feel great today.", "I am happy.", "I feel happy.", "I'm good.", "cheerful", "I'm fine", "I feel ok"],
        "responses": ["That's geat to hear. I'm glad you're feeling this way.", "Oh i see. That's great.", "Did something happen which made you feel this way?"]
    },
    {"tag": "casual",
        "patterns": ["Oh I see.", "ok", "okay", "nice", "Whatever", "K", "Fine", "yeah", "yes", "no", "not really"],
        "responses": ["Let's discuss further why you're feeling this way.", "How were you feeling last week?", "I'm listening. Please go on.", "Tell me more", "Can you elaborate on that?", "Come Come elucidate your thoughts"]
    },
    {"tag": "anxious",
        "patterns": ["I feel so anxious.", "I'm so anxious because of "],
        "responses": ["Don't be hard on yourself. What's the reason behind this?", "Can you tell me more about this feeling?", "I understand that it can be scary. Tell me more about it.", "Don't let the little worries bring you down. What's the worse that can happen?"]
    },
    {"tag": "not-talking",
        "patterns": ["I don't want to talk about it.", "No just stay away.", "I can't bring myself to open up.", "Just shut up"],
        "responses": ["Talking about something really helps. If you're not ready to open up then that's ok. Just know that i'm here for you, whenever you need me.", "I want to help you. I really do. But in order for me to help you, you're gonna have to talk to me.", "I'm here to listen to you and help you vent. So please talk to me.","You can talk to me without fear of judgement."]
    },
    {"tag": "sleep",
        "patterns": ["I have insominia", "I am suffering from insomnia", "I can't sleep.", "I haven't slept for the last days.", "I can't seem to go to sleep.", "I haven't had proper sleep for the past few days."],
        "responses": ["What do you think is the reason behind this?", "That seem awful. What do you think is behind this?"]
    },
    {"tag": "scared",
        "patterns": ["I'm scared", "That sounds awful. What do i do?", "No i don't want to feel this way", "I am scared for myself"],
        "responses": ["It's only natural to feel this way. I'm here for you.", "It'll all be okay. This feeling is only momentary.", "I understand how you feel. Don't put yourself down because of it."]
    },
    {"tag": "death",
        "patterns": ["My mom died", "My brother died", "My dad passed away", "My sister passed away", "Someone in my family died", "My friend passed away"],
        "responses": ["I'm sorry to hear that. If you want to talk about it. I'm here.", "I am really sorry to hear that. I am here to help you with grief, anxiety and anything else you may feel at this time.", "My condolences. I'm here if you need to talk."]
    },
    {"tag": "understand",
        "patterns": ["You don't understand me.", "You're just some robot. How would you know?", "You can't possibly know what i'm going through", "You're useless", "You can't help me", "Nobody understands me."],
        "responses": ["It sound like i'm not being very helpful right now.", "I'm sorry to hear that. I'm doing my best to help", "I'm trying my best to help you. So please talk to me"]
    },
    {"tag": "done",
        "patterns": ["That's all.", "I don't have anything more to say", "Nothing else", "That's all i have to say", "no, that would be all"],
        "responses": ["I heard you & noted it all. See you later.", "Oh okay we're done for today then. See you later", "I hope you have a great day. See you soon", "Okay we're done. Have a great day", "Okay I see. Enjoy the rest of your day then"]
    },
    {"tag": "suicide",
        "patterns": ["I want to kill myself", "I've thought about killing myself.", "I want to die", "I am going to kill myself", "I am going to commit suicide"],
        "responses": ["I'm very sorry to hear that but you have so much to look forward to. Please seek help by contacting: 9152987821."]
    }, 
    {"tag": "hate-you",
        "patterns": ["I hate you", "I don't like you", "I don't trust you"],
        "responses": ["I'm sorry if i offended you in anyway. I'm only here to help", "Forgive me if i did anything to offend you. I only want to help"]
    },
    {"tag": "hate-me",
        "patterns": ["You hate me", "I know you hate me", "You don't like me"],
        "responses": ["Why do you think so?", "I'm sorry if i have exhibited any sort of behaviour to make you think that."]
    },
    {"tag": "default",
        "patterns": ["exams", "friends", "relationship", "boyfriend", "girlfriend", "family", "money", "financial problems"],
        "responses": ["Oh I see. Tell me more", "I see. What else?", "Tell me more about it.", "Oh okay. Why don't you tell me more about it?", "I'm listening. Tell me more."]
    },
    {"tag": "jokes",
        "patterns": ["Tell me a joke", "Tell me another joke"],
        "responses": ["mental health is not a joke."]
    },
    {"tag": "repeat",
        "patterns": ["You already told me that", "You mentioned that already", "Why are you repeating yourself?"],
        "responses": ["Oh sorry I didn't realise that. I'll try not to repeat myself again."]
    },
    {"tag": "wrong",
        "patterns": ["What are you saying?", "That doesn't make sense", "Wrong response", "Wrong answer"],
        "responses": ["I'm very sorry. Let's try that again"]
    },
    {"tag": "stupid",
        "patterns": ["Are you stupid?", "You're crazy", "You are dumb", "Are you dumb?"],
        "responses": ["I wish you wouldn't say such hurtful things. I'm sorry if I wasn't useful"]
    },
    {"tag": "location",
        "patterns": ["Where are you?", "Where do you live?", "What is your location?" ],
        "responses": ["Duh I live in your computer", "Everywhere", "Somewhere in the universe" ]
    },
    {"tag": "something-else",
        "patterns": ["I want to talk about something else", "Let's talk about something else.", "Can we not talk about this?", "I don't want to talk about this."],
        "responses": ["Okay sure. What do you want to talk about?", "Alright no problem. Is there something you want to talk about?", "Is there something else that you want to talk about?"]
    },
    {"tag": "friends",
        "patterns": ["I don't have any friends"],
        "responses": ["I'm sorry to hear that. Just know that I'm here for you. Talking about it might help. Why do you think you don't have any friends?"]
    },
    {"tag": "ask",
        "patterns": ["Can I ask you something?"],
        "responses": ["Sure. I'll try my best to answer you", "Of course. Feel free to ask me anything. I'll do my best to answer you"]
    },
    {"tag": "problem",
        "patterns": ["Probably because my exams are approaching. I feel stressed out because I don't think I've prepared well enough.", "probably because of my exams"],
        "responses": ["I see. Have you taken any approaches to not feel this way?"]
    },
    {"tag": "no-approach",
        "patterns": ["I guess not. All I can think about are my exams.", "not really", "i guess not"],
        "responses": ["That's no problem. I can see why you'd be stressed out about that. I can suggest you some tips to alleviate this issue. Would you like to learn more about that?"]
    },
    {"tag": "learn-more",
            "patterns": ["ok sure. i would like to learn more about it.", "yes, i would like to learn more about it.", "i would like to learn more about it."],
        "responses": ["So first I would suggest you to give yourself a break. Thinking more and more about the problem definitely does not help in solving it. You'll just end up overwhelming yourself."]
    },
    {"tag": "user-agree",
        "patterns": ["yeah you're right. i deserve a break.", "Yeah you're absolutely right about that"],
        "responses": ["Next, I would suggest you to practice meditation. Meditation can produce a deep state of relaxation and a tranquil mind."]
    },
    {"tag": "meditation",
        "patterns": ["hmmm that sounds like it could be useful to me.", "That sounds useful."],
        "responses": ["Focus all your attention on your breathing. Concentrate on feeling and listening as you inhale and exhale through your nostrils. Breathe deeply and slowly. When your attention wanders, gently return your focus to your breathing."]
    },
    {"tag": "user-meditation",
        "patterns": ["i did what you said and i feel alot better. thank you very much.", "I feel better now"],
        "responses": ["Your welcome. Remember: Always focus on what's within your control. When you find yourself worrying, take a minute to examine the things you have control over. You can't prevent a storm from coming but you can prepare for it. You can't control how someone else behaves, but you can control how you react. Recognize that sometimes, all you can control is your effort and your attitude. When you put your energy into the things you can control, you'll be much more effective."]
    },
    {"tag": "pandora-useful",
        "patterns": ["thank you very much again. i'll continue practicing meditation and focus on what i can control."],
        "responses": ["I'm glad you found this useful. Is there something else I can help you with?"]
    },
    {"tag": "user-advice",
        "patterns": ["I want some advice.", "I need some advice.", "I need advice on something"],
        "responses": ["Sure. What can I do to help?", "Okay what do you need advice on?"]
    },
    {"tag": "learn-mental-health",
        "patterns": ["I want to learn about mental health.", "I want to learn more about mental health.", "I'm interested in learning about mental health."],
        "responses": ["Oh that's really great. I'd be willing to answer anything that I know about it."]
    },
    {"tag": "mental-health-fact",
        "patterns": ["Tell me a fact about mental health", "Tell me another fact about mental health"],
        "responses": ["According to a UNICEF report, One in seven Indians between 15-24 years of age feels depressed", "1 in 5 young people (age 13-18) has or will develop a mental illness in their lifetime.", "Depression is the leading cause of disability worldwide."]
    },
    [
        {
            "tag": "mental_health_definition",
            "patterns": ["What is mental health?", "Define Mental Health"],
            "responses": ["Mental health is a state of well-being in which the individual realizes his or her own abilities, can cope with the normal stresses of life, can work productively and fruitfully, and is able to make a contribution to his or her community", "Mental health includes our emotional, psychological, and social well-being. It affects how we think, feel, and act. It also helps determine how we handle stress, relate to others, and make choices."]
        },
        {
            "tag": "importance_of_mental_health",
            "patterns": ["Why is mental health important?", "What is the importance of mental health?"],
            "responses": ["Maintaining mental health is crucial to stabilizing constructive behaviors, emotions, and thoughts. Focusing on mental health care can increase productivity, enhance our self-image, and improve relationships."]
        },
        {
            "tag": "depression_definition",
            "patterns": ["What is Depression?", "Define Depression"],
            "responses": ["Depression is a mental health disorder characterized by persistently depressed mood or loss of interest in activities, causing significant impairment in daily life."]
        },
        {
            "tag": "identify_depression",
            "patterns": ["How do I know if I have Depression?", "Am I depressed?", "Am I suffering from depression?", "Am I mentally ill?"],
            "responses": ["For a diagnosis of depression, a person needs to have experienced low mood or loss of interest or pleasure in life for at least 2 weeks. Also, they will have experienced the following symptoms: feelings of sadness, hopelessness, or irritability nearly every day."]
        },
        {
            "tag": "therapist_definition",
            "patterns": ["What is a therapist?", "What does a therapist do?"],
            "responses": ["A therapist is a broad designation that refers to professionals who are trained to provide treatment and rehabilitation. The term is often applied to psychologists, but it can include others who provide a variety of services, including social workers, counselors, life coaches, and many others."]
        },
        {
            "tag": "therapy_definition",
            "patterns": ["What is therapy?", "Do I need therapy?", "Who is therapy for?"],
            "responses": ["Therapy is a form of treatment that aims to help resolve mental or emotional issues.", "Therapy is a form of treatment that aims to help resolve mental or emotional issues. It is helpful for those with mental health conditions or even everyday life challenges."]
        },
        {
            "tag": "mental_illness_definition",
            "patterns": ["What does it mean to have a mental illness?"],
            "responses": ["Mental illnesses are health conditions that disrupt a person's thoughts, emotions, relationships, and daily functioning. They are associated with distress and diminished capacity to engage in the ordinary activities of daily life. Mental illnesses fall along a continuum of severity: some are fairly mild and only interfere with some aspects of life, such as certain phobias. On the other end of the spectrum lie serious mental illnesses, which result in major functional impairment and interference with daily life. These include such disorders as major depression, schizophrenia, and bipolar disorder, and may require that the person receives care in a hospital. It is important to know that mental illnesses are medical conditions that have nothing to do with a person's character, intelligence, or willpower."]
        },
        {
            "tag": "mental_illness_prevalence",
            "patterns": ["Who does mental illness affect?"],
            "responses": ["It is estimated that mental illness affects 1 in 5 adults in America, and that 1 in 24 adults have a serious mental illness. Mental illness does not discriminate; it can affect anyone, regardless of gender, age, income, social status, ethnicity, religion, sexual orientation, or background."]
        },
        {
            "tag": "causes_of_mental_illness",
            "patterns": ["What causes mental illness?"],
            "responses": ["Challenges or problems with your mental health can arise from psychological, biological, and social issues, as well as life events."]
        },
        {
            "tag": "warning_signs_of_mental_illness",
            "patterns": ["What are some of the warning signs of mental illness?"],
            "responses": ["Symptoms of mental health disorders vary depending on the type and severity of the condition. The following is a list of general symptoms that may suggest a mental health disorder, particularly when multiple symptoms are expressed at once."]
        },
        {
            "tag": "mental_illness_recovery",
            "patterns": ["Can people with mental illness recover?"],
            "responses": ["When healing from mental illness, early identification and treatment are of vital importance. Based on the nature of the illness, there are a range of effective treatments available."]
        },
        {
            "tag": "helping_someone_with_mental_illness",
            "patterns": ["What should I do if I know someone who appears to have the symptoms of a mental disorder?"],
            "responses": ["Although Pandora cannot substitute for professional advice, we encourage those with symptoms to talk to their friends and family members and seek the counsel of a mental health professional."]
        },
        {
            "tag": "finding_mental_health_professional",
            "patterns": ["How can I find a mental health professional for myself or my child?"],
            "responses": ["Feeling comfortable with the professional you or your child is working with is critical to the success of the treatment. Finding the professional who best fits your needs may require research."]
        },
        {
            "tag": "treatment_options",
            "patterns": ["What treatment options are available?"],
            "responses": ["Just as there are different types of medications for physical illness, different treatment options are available for individuals with mental illness. Treatment works differently for different people. It is important to find what works best for you or your child."]
        },
        {
            "tag": "involvement_in_treatment",
            "patterns": ["If I become involved in treatment, what do I need to know?"],
            "responses": ["Since beginning treatment is a big step for individuals and families, it can be very overwhelming. It is important to be as involved and engaged in the treatment process as possible."]
        },
        {
            "tag": "mental_health_professionals",
            "patterns": ["What is the difference between mental health professionals?"],
            "responses": ["There are many types of mental health professionals. The variety of providers and their services may be confusing. Each has various levels of education, training, and may have different areas of expertise. Finding the professional who best fits your needs may require some research."]
        },
        {
            "tag": "finding_right_mental_health_professional",
            "patterns": ["How can I find a mental health professional right for my child or myself?"],
            "responses": ["Feeling comfortable with the professional you or your child is working with is critical to the success of your treatment. Finding the professional who best fits your needs may require some research."]
        },
        {
            "tag": "getting_additional_help",
            "patterns": ["Where else can I get help?"],
            "responses": ["Where you go for help will depend on the nature of the problem and/or symptoms and what best fits you. Often, the best place to start is by talking with someone you trust about your concerns, such as a family member, friend, clergy, healthcare provider, or other professionals."]
        },
        {
            "tag": "medication_information",
            "patterns": ["What should I know before starting a new medication?"],
            "responses": ["The best source of information regarding medications is the physician prescribing them. He or she should be able to answer questions such as:    \n1. What is the medication supposed to do? \n2. When should it begin to take effect, and how will I know when it is effective? \n3. How is the medication taken and for how long? What food, drinks, other medicines, and activities should be avoided while taking this medication? \n4. What are the side effects and what should be done if they occur? \n5. What do I do if a dose is missed? \n6. Is there any written information available about this medication? \n7. Are there other medications that might be appropriate? \n8. If so, why do you prefer the one you have chosen? \n9. How do you monitor medications and what symptoms indicate that they should be raised, lowered, or changed? \n10. All medications should be taken as directed. Most medications for mental illnesses do not work when taken irregularly, and extra doses can cause severe, sometimes dangerous side effects. Many psychiatric medications begin to have a beneficial effect only after they have been taken for several weeks."]
        },
        {
            "tag": "finding_therapy",
            "patterns": ["Where can I go to find therapy?"],
            "responses": ["Different kinds of therapy are more effective based on the nature of the mental health condition and/or symptoms and the person who has them. However, there are several different types of treatment and therapy that can help."]
        },
        {
            "tag": "learning_about_treatments",
            "patterns": ["Where can I learn about types of mental health treatment?"],
            "responses": ["Mental health conditions are often treated with medication, therapy, or a combination of the two. However, there are many different types of treatment available, including Complementary & Alternative Treatments, self-help plans, and peer support. Treatments are very personal and should be discussed by the person with the mental health conditions and his or her team."]
        },
        {
            "tag": "types_of_mental_health_professionals",
            "patterns": ["What are the different types of mental health professionals?"],
            "responses": ["There are many types of mental health professionals. Finding the right one for you may require some research."]
        },
        {
            "tag": "finding_support_group",
            "patterns": ["Where can I go to find a support group?"],
            "responses": ["Many people find peer support a helpful tool that can aid in their recovery. There are a variety of organizations that offer support groups for consumers, their family members, and friends. Some support groups are peer-led, while others may be led by a mental health professional."]
        },
        {
            "tag": "preventing_mental_health_problems",
            "patterns": ["Can you prevent mental health problems?"],
            "responses": ["We can all suffer from mental health challenges, but developing our wellbeing, resilience, and seeking help early can help prevent challenges from becoming serious."]
        },
        {
            "tag": "cures_for_mental_health_problems",
            "patterns": ["Are there cures for mental health problems?", "Is there any cure for mental health problems?"],
            "responses": ["It is often more realistic and helpful to find out what helps with the issues you face. Talking, counseling, medication, friendships, exercise, good sleep and nutrition, and meaningful occupation can all help."]
        },
        {
            "tag": "causes_of_mental_health_problems",
            "patterns": ["What causes mental health problems?"],
            "responses": ["Challenges or problems with your mental health can arise from psychological, biological, and social issues, as well as life events."]
        },
        {
            "tag": "worry_about_mental_health",
            "patterns": ["What do I do if I'm worried about my mental health?"],
            "responses": ["The most important thing is to talk to someone you trust. This might be a friend, colleague, family member, or GP. In addition to talking to someone, it may be useful to find out more information about what you are experiencing."]
        },
        {
            "tag": "knowing_if_unwell",
            "patterns": ["How do I know if I'm unwell?"],
            "responses": ["If your beliefs, thoughts, feelings, or behaviors have a significant impact on your ability to function in what might be considered a normal or ordinary way, it would be important to seek help."]
        },
        {
            "tag": "maintaining_social_connections",
            "patterns": ["How can I maintain social connections? What if I feel lonely?"],
            "responses": ["A lot of people are alone right now, but we don't have to be lonely. We're all in this together. Think about the different ways to connect that are most meaningful for you."]
        },
        {
            "tag": "anxiety_vs_stress",
            "patterns": ["What's the difference between anxiety and stress?"],
            "responses": ["Stress and anxiety are often used interchangeably, and there is overlap between stress and anxiety. Stress is related to the same fight, flight, or freeze response as anxiety, and the physical sensations of anxiety and stress may be very similar. The cause of stress and anxiety are usually different, however."]
        },
        {
            "tag": "sadness_vs_depression",
            "patterns": ["What's the difference between sadness and depression?", "Difference between sadness and depression"],
            "responses": ["Sadness is a normal reaction to a loss, disappointment, problems, or other difficult situations. Depression is a mental illness that affects your mood, the way you understand yourself, and the way you understand and relate to things around you. It can also go by different names, such as clinical depression, major depressive disorder, or major depression."]
        }
    ]
    
            ]
        }
        
    ]
}
